period,strategy,ann_return,ann_vol,sharpe,max_drawdown,hit_rate,turnover,n_periods
GFC (2007-2009),CB-Signal short-2,-0.009193690777145345,0.003283267299997316,-2.8001651821503724,-0.027292587383657807,0.25161290322580643,3.940200830630553,156
GFC (2007-2009),CB-Signal short-10,-0.005098721987177811,0.007815128769029199,-0.6524168875353257,-0.01847697633181089,0.4064516129032258,2.3641204983783317,156
GFC (2007-2009),CB-Signal 50/50,-0.007146206382161579,0.005283237412460278,-1.352618825212657,-0.022049965773917712,0.3935483870967742,3.152160664504443,156
ZIRP (2009-2015),CB-Signal short-2,-0.007462943821374201,0.0017960208347625251,-4.155265727950741,-0.05105000834771045,0.21428571428571427,3.825568889851929,365
ZIRP (2009-2015),CB-Signal short-10,-0.0025076405454285684,0.007190316924091413,-0.3487524363532057,-0.022708745494552596,0.4478021978021978,2.2953413339111575,365
ZIRP (2009-2015),CB-Signal 50/50,-0.004985292183401386,0.0042405187234285935,-1.1756326309462959,-0.035233270051188814,0.36813186813186816,3.060455111881543,365
COVID (2020-2021),CB-Signal short-2,-0.004353035003730415,0.0015025079722106628,-2.8971793056949497,-0.009902709402866083,0.18269230769230768,3.236528720930208,105
COVID (2020-2021),CB-Signal short-10,-0.0019720001817274254,0.005265238288984857,-0.37453199143008375,-0.012103686217727727,0.40384615384615385,1.9419172325581247,105
COVID (2020-2021),CB-Signal 50/50,-0.0031625175927289203,0.0031385976892328855,-1.007621207260202,-0.010707187885557135,0.375,2.589222976744166,105
Hiking cycle (2022-2023),CB-Signal short-2,0.008022405400313267,0.005164087105245261,1.5534992413595732,-0.003513255970461593,0.4854368932038835,3.3272434143468317,104
Hiking cycle (2022-2023),CB-Signal short-10,0.023662393361144674,0.013192671474229735,1.7936013496103693,-0.008745806289422897,0.5436893203883495,1.9963460486080986,104
Hiking cycle (2022-2023),CB-Signal 50/50,0.01584239938072897,0.008649330132450788,1.8316331020007006,-0.005528110114863205,0.5728155339805825,2.6617947314774653,104
Plateau (2024+),CB-Signal short-2,-0.008455136751050469,0.003279410641390946,-2.5782488610405507,-0.024897112453704184,0.2676056338028169,3.8086583093326905,143
Plateau (2024+),CB-Signal short-10,-0.0030538707255716815,0.007284916623611487,-0.41920462283310655,-0.01881219863411221,0.4647887323943662,2.285194985599614,143
Plateau (2024+),CB-Signal 50/50,-0.005754503738311076,0.005144944195612574,-1.118477386638773,-0.02121357657506151,0.39436619718309857,3.0469266474661527,143
