text,label
The Committee noted inflation pressures in its assessment of the outlook.,hawkish
Members pointed to inflation pressures when discussing the economy.,hawkish
The statement referred to inflation pressures as a key consideration.,hawkish
Policymakers highlighted inflation pressures going forward.,hawkish
The Committee noted inflationary pressures in its assessment of the outlook.,hawkish
Members pointed to inflationary pressures when discussing the economy.,hawkish
The statement referred to inflationary pressures as a key consideration.,hawkish
Policymakers highlighted inflationary pressures going forward.,hawkish
The Committee noted price pressures in its assessment of the outlook.,hawkish
Members pointed to price pressures when discussing the economy.,hawkish
The statement referred to price pressures as a key consideration.,hawkish
Policymakers highlighted price pressures going forward.,hawkish
The Committee noted upward pressure in its assessment of the outlook.,hawkish
Members pointed to upward pressure when discussing the economy.,hawkish
The statement referred to upward pressure as a key consideration.,hawkish
Policymakers highlighted upward pressure going forward.,hawkish
The Committee noted upside risks in its assessment of the outlook.,hawkish
Members pointed to upside risks when discussing the economy.,hawkish
The statement referred to upside risks as a key consideration.,hawkish
Policymakers highlighted upside risks going forward.,hawkish
The Committee noted upside risk in its assessment of the outlook.,hawkish
Members pointed to upside risk when discussing the economy.,hawkish
The statement referred to upside risk as a key consideration.,hawkish
Policymakers highlighted upside risk going forward.,hawkish
The Committee noted upside risks to inflation in its assessment of the outlook.,hawkish
Members pointed to upside risks to inflation when discussing the economy.,hawkish
The statement referred to upside risks to inflation as a key consideration.,hawkish
Policymakers highlighted upside risks to inflation going forward.,hawkish
The Committee noted second-round effects in its assessment of the outlook.,hawkish
Members pointed to second-round effects when discussing the economy.,hawkish
The statement referred to second-round effects as a key consideration.,hawkish
Policymakers highlighted second-round effects going forward.,hawkish
The Committee noted wage pressures in its assessment of the outlook.,hawkish
Members pointed to wage pressures when discussing the economy.,hawkish
The statement referred to wage pressures as a key consideration.,hawkish
Policymakers highlighted wage pressures going forward.,hawkish
The Committee noted wage growth in its assessment of the outlook.,hawkish
Members pointed to wage growth when discussing the economy.,hawkish
The statement referred to wage growth as a key consideration.,hawkish
Policymakers highlighted wage growth going forward.,hawkish
The Committee noted overheating in its assessment of the outlook.,hawkish
Members pointed to overheating when discussing the economy.,hawkish
The statement referred to overheating as a key consideration.,hawkish
Policymakers highlighted overheating going forward.,hawkish
The Committee noted elevated inflation in its assessment of the outlook.,hawkish
Members pointed to elevated inflation when discussing the economy.,hawkish
The statement referred to elevated inflation as a key consideration.,hawkish
Policymakers highlighted elevated inflation going forward.,hawkish
The Committee noted above target in its assessment of the outlook.,hawkish
Members pointed to above target when discussing the economy.,hawkish
The statement referred to above target as a key consideration.,hawkish
Policymakers highlighted above target going forward.,hawkish
The Committee noted above our target in its assessment of the outlook.,hawkish
Members pointed to above our target when discussing the economy.,hawkish
The statement referred to above our target as a key consideration.,hawkish
Policymakers highlighted above our target going forward.,hawkish
The Committee noted tighten in its assessment of the outlook.,hawkish
Members pointed to tighten when discussing the economy.,hawkish
The statement referred to tighten as a key consideration.,hawkish
Policymakers highlighted tighten going forward.,hawkish
The Committee noted tightening in its assessment of the outlook.,hawkish
Members pointed to tightening when discussing the economy.,hawkish
The statement referred to tightening as a key consideration.,hawkish
Policymakers highlighted tightening going forward.,hawkish
The Committee noted tighter in its assessment of the outlook.,hawkish
Members pointed to tighter when discussing the economy.,hawkish
The statement referred to tighter as a key consideration.,hawkish
Policymakers highlighted tighter going forward.,hawkish
The Committee noted restrictive in its assessment of the outlook.,hawkish
Members pointed to restrictive when discussing the economy.,hawkish
The statement referred to restrictive as a key consideration.,hawkish
Policymakers highlighted restrictive going forward.,hawkish
The Committee noted less accommodative in its assessment of the outlook.,hawkish
Members pointed to less accommodative when discussing the economy.,hawkish
The statement referred to less accommodative as a key consideration.,hawkish
Policymakers highlighted less accommodative going forward.,hawkish
The Committee noted withdrawing accommodation in its assessment of the outlook.,hawkish
Members pointed to withdrawing accommodation when discussing the economy.,hawkish
The statement referred to withdrawing accommodation as a key consideration.,hawkish
Policymakers highlighted withdrawing accommodation going forward.,hawkish
The Committee noted removing accommodation in its assessment of the outlook.,hawkish
Members pointed to removing accommodation when discussing the economy.,hawkish
The statement referred to removing accommodation as a key consideration.,hawkish
Policymakers highlighted removing accommodation going forward.,hawkish
The Committee noted normalise in its assessment of the outlook.,hawkish
Members pointed to normalise when discussing the economy.,hawkish
The statement referred to normalise as a key consideration.,hawkish
Policymakers highlighted normalise going forward.,hawkish
The Committee noted normalising in its assessment of the outlook.,hawkish
Members pointed to normalising when discussing the economy.,hawkish
The statement referred to normalising as a key consideration.,hawkish
Policymakers highlighted normalising going forward.,hawkish
The Committee noted normalisation in its assessment of the outlook.,hawkish
Members pointed to normalisation when discussing the economy.,hawkish
The statement referred to normalisation as a key consideration.,hawkish
Policymakers highlighted normalisation going forward.,hawkish
The Committee noted normalize in its assessment of the outlook.,hawkish
Members pointed to normalize when discussing the economy.,hawkish
The statement referred to normalize as a key consideration.,hawkish
Policymakers highlighted normalize going forward.,hawkish
The Committee noted normalizing in its assessment of the outlook.,hawkish
Members pointed to normalizing when discussing the economy.,hawkish
The statement referred to normalizing as a key consideration.,hawkish
Policymakers highlighted normalizing going forward.,hawkish
The Committee noted normalization in its assessment of the outlook.,hawkish
Members pointed to normalization when discussing the economy.,hawkish
The statement referred to normalization as a key consideration.,hawkish
Policymakers highlighted normalization going forward.,hawkish
The Committee noted robust growth in its assessment of the outlook.,hawkish
Members pointed to robust growth when discussing the economy.,hawkish
The statement referred to robust growth as a key consideration.,hawkish
Policymakers highlighted robust growth going forward.,hawkish
The Committee noted strong growth in its assessment of the outlook.,hawkish
Members pointed to strong growth when discussing the economy.,hawkish
The statement referred to strong growth as a key consideration.,hawkish
Policymakers highlighted strong growth going forward.,hawkish
The Committee noted strong recovery in its assessment of the outlook.,hawkish
Members pointed to strong recovery when discussing the economy.,hawkish
The statement referred to strong recovery as a key consideration.,hawkish
Policymakers highlighted strong recovery going forward.,hawkish
The Committee noted firming in its assessment of the outlook.,hawkish
Members pointed to firming when discussing the economy.,hawkish
The statement referred to firming as a key consideration.,hawkish
Policymakers highlighted firming going forward.,hawkish
The Committee noted firm in its assessment of the outlook.,hawkish
Members pointed to firm when discussing the economy.,hawkish
The statement referred to firm as a key consideration.,hawkish
Policymakers highlighted firm going forward.,hawkish
The Committee noted resilient in its assessment of the outlook.,hawkish
Members pointed to resilient when discussing the economy.,hawkish
The statement referred to resilient as a key consideration.,hawkish
Policymakers highlighted resilient going forward.,hawkish
The Committee noted buoyant in its assessment of the outlook.,hawkish
Members pointed to buoyant when discussing the economy.,hawkish
The statement referred to buoyant as a key consideration.,hawkish
Policymakers highlighted buoyant going forward.,hawkish
The Committee noted sustained expansion in its assessment of the outlook.,hawkish
Members pointed to sustained expansion when discussing the economy.,hawkish
The statement referred to sustained expansion as a key consideration.,hawkish
Policymakers highlighted sustained expansion going forward.,hawkish
The Committee noted capacity constraints in its assessment of the outlook.,hawkish
Members pointed to capacity constraints when discussing the economy.,hawkish
The statement referred to capacity constraints as a key consideration.,hawkish
Policymakers highlighted capacity constraints going forward.,hawkish
The Committee noted supply constraints in its assessment of the outlook.,hawkish
Members pointed to supply constraints when discussing the economy.,hawkish
The statement referred to supply constraints as a key consideration.,hawkish
Policymakers highlighted supply constraints going forward.,hawkish
The Committee noted labor market tightness in its assessment of the outlook.,hawkish
Members pointed to labor market tightness when discussing the economy.,hawkish
The statement referred to labor market tightness as a key consideration.,hawkish
Policymakers highlighted labor market tightness going forward.,hawkish
The Committee noted labour market tightness in its assessment of the outlook.,hawkish
Members pointed to labour market tightness when discussing the economy.,hawkish
The statement referred to labour market tightness as a key consideration.,hawkish
Policymakers highlighted labour market tightness going forward.,hawkish
The Committee noted tight labor market in its assessment of the outlook.,hawkish
Members pointed to tight labor market when discussing the economy.,hawkish
The statement referred to tight labor market as a key consideration.,hawkish
Policymakers highlighted tight labor market going forward.,hawkish
The Committee noted tight labour market in its assessment of the outlook.,hawkish
Members pointed to tight labour market when discussing the economy.,hawkish
The statement referred to tight labour market as a key consideration.,hawkish
Policymakers highlighted tight labour market going forward.,hawkish
The Committee noted wage-price spiral in its assessment of the outlook.,hawkish
Members pointed to wage-price spiral when discussing the economy.,hawkish
The statement referred to wage-price spiral as a key consideration.,hawkish
Policymakers highlighted wage-price spiral going forward.,hawkish
The Committee noted de-anchoring in its assessment of the outlook.,hawkish
Members pointed to de-anchoring when discussing the economy.,hawkish
The statement referred to de-anchoring as a key consideration.,hawkish
Policymakers highlighted de-anchoring going forward.,hawkish
The Committee noted unanchored expectations in its assessment of the outlook.,hawkish
Members pointed to unanchored expectations when discussing the economy.,hawkish
The statement referred to unanchored expectations as a key consideration.,hawkish
Policymakers highlighted unanchored expectations going forward.,hawkish
The Committee noted raise rates in its assessment of the outlook.,hawkish
Members pointed to raise rates when discussing the economy.,hawkish
The statement referred to raise rates as a key consideration.,hawkish
Policymakers highlighted raise rates going forward.,hawkish
The Committee noted raising rates in its assessment of the outlook.,hawkish
Members pointed to raising rates when discussing the economy.,hawkish
The statement referred to raising rates as a key consideration.,hawkish
Policymakers highlighted raising rates going forward.,hawkish
The Committee noted hike in its assessment of the outlook.,hawkish
Members pointed to hike when discussing the economy.,hawkish
The statement referred to hike as a key consideration.,hawkish
Policymakers highlighted hike going forward.,hawkish
The Committee noted hiking in its assessment of the outlook.,hawkish
Members pointed to hiking when discussing the economy.,hawkish
The statement referred to hiking as a key consideration.,hawkish
Policymakers highlighted hiking going forward.,hawkish
The Committee noted rate hike in its assessment of the outlook.,hawkish
Members pointed to rate hike when discussing the economy.,hawkish
The statement referred to rate hike as a key consideration.,hawkish
Policymakers highlighted rate hike going forward.,hawkish
The Committee noted rate increase in its assessment of the outlook.,hawkish
Members pointed to rate increase when discussing the economy.,hawkish
The statement referred to rate increase as a key consideration.,hawkish
Policymakers highlighted rate increase going forward.,hawkish
The Committee noted increase in rates in its assessment of the outlook.,hawkish
Members pointed to increase in rates when discussing the economy.,hawkish
The statement referred to increase in rates as a key consideration.,hawkish
Policymakers highlighted increase in rates going forward.,hawkish
The Committee noted vigilant in its assessment of the outlook.,hawkish
Members pointed to vigilant when discussing the economy.,hawkish
The statement referred to vigilant as a key consideration.,hawkish
Policymakers highlighted vigilant going forward.,hawkish
The Committee noted vigilance in its assessment of the outlook.,hawkish
Members pointed to vigilance when discussing the economy.,hawkish
The statement referred to vigilance as a key consideration.,hawkish
Policymakers highlighted vigilance going forward.,hawkish
The Committee noted monitor closely in its assessment of the outlook.,hawkish
Members pointed to monitor closely when discussing the economy.,hawkish
The statement referred to monitor closely as a key consideration.,hawkish
Policymakers highlighted monitor closely going forward.,hawkish
The Committee noted closely monitor in its assessment of the outlook.,hawkish
Members pointed to closely monitor when discussing the economy.,hawkish
The statement referred to closely monitor as a key consideration.,hawkish
Policymakers highlighted closely monitor going forward.,hawkish
The Committee noted appropriate to firm in its assessment of the outlook.,hawkish
Members pointed to appropriate to firm when discussing the economy.,hawkish
The statement referred to appropriate to firm as a key consideration.,hawkish
Policymakers highlighted appropriate to firm going forward.,hawkish
The Committee noted firm policy in its assessment of the outlook.,hawkish
Members pointed to firm policy when discussing the economy.,hawkish
The statement referred to firm policy as a key consideration.,hawkish
Policymakers highlighted firm policy going forward.,hawkish
The Committee noted hawkish in its assessment of the outlook.,hawkish
Members pointed to hawkish when discussing the economy.,hawkish
The statement referred to hawkish as a key consideration.,hawkish
Policymakers highlighted hawkish going forward.,hawkish
The Committee noted downside risks in its assessment of the outlook.,dovish
Members pointed to downside risks when discussing the economy.,dovish
The statement referred to downside risks as a key consideration.,dovish
Policymakers highlighted downside risks going forward.,dovish
The Committee noted downside risk in its assessment of the outlook.,dovish
Members pointed to downside risk when discussing the economy.,dovish
The statement referred to downside risk as a key consideration.,dovish
Policymakers highlighted downside risk going forward.,dovish
The Committee noted downside risks to growth in its assessment of the outlook.,dovish
Members pointed to downside risks to growth when discussing the economy.,dovish
The statement referred to downside risks to growth as a key consideration.,dovish
Policymakers highlighted downside risks to growth going forward.,dovish
The Committee noted downside risks to activity in its assessment of the outlook.,dovish
Members pointed to downside risks to activity when discussing the economy.,dovish
The statement referred to downside risks to activity as a key consideration.,dovish
Policymakers highlighted downside risks to activity going forward.,dovish
The Committee noted subdued in its assessment of the outlook.,dovish
Members pointed to subdued when discussing the economy.,dovish
The statement referred to subdued as a key consideration.,dovish
Policymakers highlighted subdued going forward.,dovish
The Committee noted muted in its assessment of the outlook.,dovish
Members pointed to muted when discussing the economy.,dovish
The statement referred to muted as a key consideration.,dovish
Policymakers highlighted muted going forward.,dovish
The Committee noted weak in its assessment of the outlook.,dovish
Members pointed to weak when discussing the economy.,dovish
The statement referred to weak as a key consideration.,dovish
Policymakers highlighted weak going forward.,dovish
The Committee noted weakness in its assessment of the outlook.,dovish
Members pointed to weakness when discussing the economy.,dovish
The statement referred to weakness as a key consideration.,dovish
Policymakers highlighted weakness going forward.,dovish
The Committee noted weaker in its assessment of the outlook.,dovish
Members pointed to weaker when discussing the economy.,dovish
The statement referred to weaker as a key consideration.,dovish
Policymakers highlighted weaker going forward.,dovish
The Committee noted deteriorating in its assessment of the outlook.,dovish
Members pointed to deteriorating when discussing the economy.,dovish
The statement referred to deteriorating as a key consideration.,dovish
Policymakers highlighted deteriorating going forward.,dovish
The Committee noted adverse in its assessment of the outlook.,dovish
Members pointed to adverse when discussing the economy.,dovish
The statement referred to adverse as a key consideration.,dovish
Policymakers highlighted adverse going forward.,dovish
The Committee noted sluggish in its assessment of the outlook.,dovish
Members pointed to sluggish when discussing the economy.,dovish
The statement referred to sluggish as a key consideration.,dovish
Policymakers highlighted sluggish going forward.,dovish
The Committee noted slack in its assessment of the outlook.,dovish
Members pointed to slack when discussing the economy.,dovish
The statement referred to slack as a key consideration.,dovish
Policymakers highlighted slack going forward.,dovish
The Committee noted output gap in its assessment of the outlook.,dovish
Members pointed to output gap when discussing the economy.,dovish
The statement referred to output gap as a key consideration.,dovish
Policymakers highlighted output gap going forward.,dovish
The Committee noted below target in its assessment of the outlook.,dovish
Members pointed to below target when discussing the economy.,dovish
The statement referred to below target as a key consideration.,dovish
Policymakers highlighted below target going forward.,dovish
The Committee noted below our target in its assessment of the outlook.,dovish
Members pointed to below our target when discussing the economy.,dovish
The statement referred to below our target as a key consideration.,dovish
Policymakers highlighted below our target going forward.,dovish
The Committee noted disinflation in its assessment of the outlook.,dovish
Members pointed to disinflation when discussing the economy.,dovish
The statement referred to disinflation as a key consideration.,dovish
Policymakers highlighted disinflation going forward.,dovish
The Committee noted disinflationary in its assessment of the outlook.,dovish
Members pointed to disinflationary when discussing the economy.,dovish
The statement referred to disinflationary as a key consideration.,dovish
Policymakers highlighted disinflationary going forward.,dovish
The Committee noted deflation in its assessment of the outlook.,dovish
Members pointed to deflation when discussing the economy.,dovish
The statement referred to deflation as a key consideration.,dovish
Policymakers highlighted deflation going forward.,dovish
The Committee noted deflationary in its assessment of the outlook.,dovish
Members pointed to deflationary when discussing the economy.,dovish
The statement referred to deflationary as a key consideration.,dovish
Policymakers highlighted deflationary going forward.,dovish
The Committee noted deflation risk in its assessment of the outlook.,dovish
Members pointed to deflation risk when discussing the economy.,dovish
The statement referred to deflation risk as a key consideration.,dovish
Policymakers highlighted deflation risk going forward.,dovish
The Committee noted low inflation in its assessment of the outlook.,dovish
Members pointed to low inflation when discussing the economy.,dovish
The statement referred to low inflation as a key consideration.,dovish
Policymakers highlighted low inflation going forward.,dovish
The Committee noted declining inflation in its assessment of the outlook.,dovish
Members pointed to declining inflation when discussing the economy.,dovish
The statement referred to declining inflation as a key consideration.,dovish
Policymakers highlighted declining inflation going forward.,dovish
The Committee noted accommodative in its assessment of the outlook.,dovish
Members pointed to accommodative when discussing the economy.,dovish
The statement referred to accommodative as a key consideration.,dovish
Policymakers highlighted accommodative going forward.,dovish
The Committee noted accommodation in its assessment of the outlook.,dovish
Members pointed to accommodation when discussing the economy.,dovish
The statement referred to accommodation as a key consideration.,dovish
Policymakers highlighted accommodation going forward.,dovish
The Committee noted easing in its assessment of the outlook.,dovish
Members pointed to easing when discussing the economy.,dovish
The statement referred to easing as a key consideration.,dovish
Policymakers highlighted easing going forward.,dovish
The Committee noted ease in its assessment of the outlook.,dovish
Members pointed to ease when discussing the economy.,dovish
The statement referred to ease as a key consideration.,dovish
Policymakers highlighted ease going forward.,dovish
The Committee noted easier in its assessment of the outlook.,dovish
Members pointed to easier when discussing the economy.,dovish
The statement referred to easier as a key consideration.,dovish
Policymakers highlighted easier going forward.,dovish
The Committee noted supportive in its assessment of the outlook.,dovish
Members pointed to supportive when discussing the economy.,dovish
The statement referred to supportive as a key consideration.,dovish
Policymakers highlighted supportive going forward.,dovish
The Committee noted support the economy in its assessment of the outlook.,dovish
Members pointed to support the economy when discussing the economy.,dovish
The statement referred to support the economy as a key consideration.,dovish
Policymakers highlighted support the economy going forward.,dovish
The Committee noted stimulus in its assessment of the outlook.,dovish
Members pointed to stimulus when discussing the economy.,dovish
The statement referred to stimulus as a key consideration.,dovish
Policymakers highlighted stimulus going forward.,dovish
The Committee noted stimulate in its assessment of the outlook.,dovish
Members pointed to stimulate when discussing the economy.,dovish
The statement referred to stimulate as a key consideration.,dovish
Policymakers highlighted stimulate going forward.,dovish
The Committee noted patient in its assessment of the outlook.,dovish
Members pointed to patient when discussing the economy.,dovish
The statement referred to patient as a key consideration.,dovish
Policymakers highlighted patient going forward.,dovish
The Committee noted patience in its assessment of the outlook.,dovish
Members pointed to patience when discussing the economy.,dovish
The statement referred to patience as a key consideration.,dovish
Policymakers highlighted patience going forward.,dovish
The Committee noted cautious in its assessment of the outlook.,dovish
Members pointed to cautious when discussing the economy.,dovish
The statement referred to cautious as a key consideration.,dovish
Policymakers highlighted cautious going forward.,dovish
The Committee noted caution in its assessment of the outlook.,dovish
Members pointed to caution when discussing the economy.,dovish
The statement referred to caution as a key consideration.,dovish
Policymakers highlighted caution going forward.,dovish
The Committee noted gradual in its assessment of the outlook.,dovish
Members pointed to gradual when discussing the economy.,dovish
The statement referred to gradual as a key consideration.,dovish
Policymakers highlighted gradual going forward.,dovish
The Committee noted gradually in its assessment of the outlook.,dovish
Members pointed to gradually when discussing the economy.,dovish
The statement referred to gradually as a key consideration.,dovish
Policymakers highlighted gradually going forward.,dovish
The Committee noted cut rates in its assessment of the outlook.,dovish
Members pointed to cut rates when discussing the economy.,dovish
The statement referred to cut rates as a key consideration.,dovish
Policymakers highlighted cut rates going forward.,dovish
The Committee noted cutting rates in its assessment of the outlook.,dovish
Members pointed to cutting rates when discussing the economy.,dovish
The statement referred to cutting rates as a key consideration.,dovish
Policymakers highlighted cutting rates going forward.,dovish
The Committee noted rate cut in its assessment of the outlook.,dovish
Members pointed to rate cut when discussing the economy.,dovish
The statement referred to rate cut as a key consideration.,dovish
Policymakers highlighted rate cut going forward.,dovish
The Committee noted rate decrease in its assessment of the outlook.,dovish
Members pointed to rate decrease when discussing the economy.,dovish
The statement referred to rate decrease as a key consideration.,dovish
Policymakers highlighted rate decrease going forward.,dovish
The Committee noted lower rates in its assessment of the outlook.,dovish
Members pointed to lower rates when discussing the economy.,dovish
The statement referred to lower rates as a key consideration.,dovish
Policymakers highlighted lower rates going forward.,dovish
The Committee noted reduce rates in its assessment of the outlook.,dovish
Members pointed to reduce rates when discussing the economy.,dovish
The statement referred to reduce rates as a key consideration.,dovish
Policymakers highlighted reduce rates going forward.,dovish
The Committee noted reducing rates in its assessment of the outlook.,dovish
Members pointed to reducing rates when discussing the economy.,dovish
The statement referred to reducing rates as a key consideration.,dovish
Policymakers highlighted reducing rates going forward.,dovish
The Committee noted additional stimulus in its assessment of the outlook.,dovish
Members pointed to additional stimulus when discussing the economy.,dovish
The statement referred to additional stimulus as a key consideration.,dovish
Policymakers highlighted additional stimulus going forward.,dovish
The Committee noted further accommodation in its assessment of the outlook.,dovish
Members pointed to further accommodation when discussing the economy.,dovish
The statement referred to further accommodation as a key consideration.,dovish
Policymakers highlighted further accommodation going forward.,dovish
The Committee noted more accommodative in its assessment of the outlook.,dovish
Members pointed to more accommodative when discussing the economy.,dovish
The statement referred to more accommodative as a key consideration.,dovish
Policymakers highlighted more accommodative going forward.,dovish
The Committee noted recession in its assessment of the outlook.,dovish
Members pointed to recession when discussing the economy.,dovish
The statement referred to recession as a key consideration.,dovish
Policymakers highlighted recession going forward.,dovish
The Committee noted contraction in its assessment of the outlook.,dovish
Members pointed to contraction when discussing the economy.,dovish
The statement referred to contraction as a key consideration.,dovish
Policymakers highlighted contraction going forward.,dovish
The Committee noted contracting in its assessment of the outlook.,dovish
Members pointed to contracting when discussing the economy.,dovish
The statement referred to contracting as a key consideration.,dovish
Policymakers highlighted contracting going forward.,dovish
The Committee noted unemployment in its assessment of the outlook.,dovish
Members pointed to unemployment when discussing the economy.,dovish
The statement referred to unemployment as a key consideration.,dovish
Policymakers highlighted unemployment going forward.,dovish
The Committee noted high unemployment in its assessment of the outlook.,dovish
Members pointed to high unemployment when discussing the economy.,dovish
The statement referred to high unemployment as a key consideration.,dovish
Policymakers highlighted high unemployment going forward.,dovish
The Committee noted rising unemployment in its assessment of the outlook.,dovish
Members pointed to rising unemployment when discussing the economy.,dovish
The statement referred to rising unemployment as a key consideration.,dovish
Policymakers highlighted rising unemployment going forward.,dovish
The Committee noted dovish in its assessment of the outlook.,dovish
Members pointed to dovish when discussing the economy.,dovish
The statement referred to dovish as a key consideration.,dovish
Policymakers highlighted dovish going forward.,dovish
The meeting was attended by all members of the Committee.,neutral
The next policy meeting is scheduled for the following month.,neutral
Minutes of the meeting will be published in three weeks.,neutral
The Chair opened the session and reviewed the agenda.,neutral
Staff presented the latest economic projections to the Committee.,neutral
The Committee thanked staff for their analysis.,neutral
Members discussed procedural matters relating to communication.,neutral
The press conference followed the policy announcement.,neutral
Committee members reviewed data compiled since the previous meeting.,neutral
The decision was taken by a vote among eligible members.,neutral
A transcript of the press conference is available on the website.,neutral
The Committee's mandate is set out in the founding treaty.,neutral
Today I would like to thank the organisers for their invitation.,neutral
It is a pleasure to be here with you this afternoon.,neutral
Let me now turn to the second part of my remarks.,neutral
I will structure my remarks around three main themes.,neutral
The annual report sets out the institution's activities in detail.,neutral
The next scheduled publication date is listed on the calendar.,neutral
Representatives from member countries took part in the discussion.,neutral
The working group will report back at the next meeting.,neutral
This concludes my prepared remarks; I am happy to take questions.,neutral
The conference was held jointly with several partner institutions.,neutral
I would like to begin by describing the structure of this talk.,neutral
The data referenced in this speech are publicly available online.,neutral
The secretariat will circulate a summary after the meeting.,neutral
Attendance at today's event exceeded expectations.,neutral
The agenda included three items for discussion.,neutral
I will now hand over to my colleague for the second presentation.,neutral
The committee's composition rotates according to established rules.,neutral
A revised version of the report will be issued next quarter.,neutral
